thread_title,thread_url,thread_author,thread_datetime,snippet,doctors,clinics,city
[問題] 過敏型黑眼圈 熊貓針/魔法針哪個好？,https://www.pttweb.cc/bbs/facelift/M.1718599667.A.BE9,,2024-06-17T12:47:00,", 16 F 重還是淚溝比較嚴重 06/17 14:44 , 16 F 感謝各位回覆 看下來熊貓針好像還不錯（？ 我是覺得我的黑眼圈是黑色素比較嚴重 不過其實也不太確定啦可能要再問醫生 就是有時候熬夜太累淚溝會更深一點 至於雷射部分我再來研究一下",實也不太確定啦可能要再問,,
[問題] 北部/鼻翼+歪鼻/黑眼圈 痘疤推薦?,https://www.pttweb.cc/bbs/facelift/M.1724079003.A.D66,,2024-08-19T22:50:00,最後就是黑眼圈 或是考慮非侵入的眼袋醫美(?) 有開刀的還是有點怕 想請問 以上都能在一個地方諮詢搞定是有可能的嗎? 主要是希望可以整體規劃 (有個可靠的醫師),以整體規劃 (有個可靠的,最後就是黑眼圈 或是考慮非侵入的眼袋醫美,
[問題] 北部/鼻翼+歪鼻/黑眼圈 痘疤推薦?,https://www.pttweb.cc/bbs/facelift/M.1724079003.A.D66,,2024-08-19T22:50:00,", 1 F 黑眼圈我推銀河星辰的楊醫師，他玻尿 08/22 17:05 , 1 F → a22792279 08/22 17:05,",黑眼圈我推銀河星辰的楊,,
[問題] 台北診所推薦(眼袋手術及黑眼圈改善),https://www.pttweb.cc/bbs/facelift/M.1731901954.A.125,,2024-11-18T11:52:00,[問題] 台北診所推薦(眼袋手術及黑眼圈改善) - 看板facelift - PTT網頁版,,[問題] 台北診所,台北
[問題] 台北診所推薦(眼袋手術及黑眼圈改善),https://www.pttweb.cc/bbs/facelift/M.1731901954.A.125,,2024-11-18T11:52:00,"[問題] 台北診所推薦(眼袋手術及黑眼圈改善) ＋收藏 分享 看板 facelift 作者 sinleaf (sinleaf) 時間 1年前 發表 (2024/11/18 11:52) , 1年前 編輯 推噓 13 ( 13 推 0 噓 26 → ) 留言 39則, 12人 參與 , 1年前 最新 討論串 1/1",,[問題] 台北診所,台北
[問題] 台北診所推薦(眼袋手術及黑眼圈改善),https://www.pttweb.cc/bbs/facelift/M.1731901954.A.125,,2024-11-18T11:52:00,最近想要去醫美一勞永逸 發現還有所謂內開及外開之分 是覺得還是要去諮詢看看比較準確 想詢問有做過眼袋淚溝手術的前輩 這兩個通常會一併處理嗎?黑眼圈有獲得改善嗎? 有推薦台北的診所或醫師嗎?,有推薦台北的診所或,"最近想要去醫美,有推薦台北的診所",台北
[問題] 台北診所推薦(眼袋手術及黑眼圈改善),https://www.pttweb.cc/bbs/facelift/M.1731901954.A.125,,2024-11-18T11:52:00,", 20 F 我淚溝也深 醫師建議我是眼袋內開+ 11/19 14:46 , 20 F → GetWiseTips 11/19 14:46,",我淚溝也深,,
[問題] 台北診所推薦(眼袋手術及黑眼圈改善),https://www.pttweb.cc/bbs/facelift/M.1731901954.A.125,,2024-11-18T11:52:00,", 24 F 內開眼袋跟淚溝回填我一起給余德毅醫師 11/19 16:28 , 24 F → Joelee889 11/19 16:29,",跟淚溝回填我一起給余德毅,,
[問題] 台北診所推薦(眼袋手術及黑眼圈改善),https://www.pttweb.cc/bbs/facelift/M.1731901954.A.125,,2024-11-18T11:52:00,", 34 F 給黃仁吳醫師開有回填淚溝，填平之後 11/24 21:18 , 34 F → sandrahuang 11/24 21:18,",給黃仁吳,,
[問題] 台北診所推薦(眼袋手術及黑眼圈改善),https://www.pttweb.cc/bbs/facelift/M.1731901954.A.125,,2024-11-18T11:52:00,", 36 F 我找鍾立人醫師做內開眼袋手術後，眼 11/26 14:59 , 36 F → crouhselang 11/26 15:00,",我找鍾立人,,
擊退黑眼圈眼袋淚溝，精神百倍的我,https://www.pttweb.cc/bbs/facelift/M.1742978243.A.175,,2025-03-26T16:37:00,被說嗑藥我也認了，真的怨念好重的樣子 是說，我一直很喜歡我的眼睛，也很多人說眼睛好看，但就是那眼下的細紋黑眼圈，當然除 了黑眼圈之外，眼下的凹陷始終讓我在意，我不斷開始爬文消除黑眼圈、淚溝手術的作法， 最後看到眼袋手術的方式，好像修復期還可以接受、又可以處理淚溝跟黑眼圈，正好符合我 的需求——所以我就開始諮詢爬文網路上有名的診所醫師,諮詢爬文網路上有名的診所,的需求——所以我就開始諮詢爬文網路上有名的診所,
擊退黑眼圈眼袋淚溝，精神百倍的我,https://www.pttweb.cc/bbs/facelift/M.1742978243.A.175,,2025-03-26T16:37:00,-- 更新醫生診所資訊給大家喔 我是尚水美博診所做的眼袋手術 我眼袋內開補脂肪在淚溝那邊 有睡眠做手術，6萬多喔,更新,"更新醫生診所,我是尚水美博診所",
擊退黑眼圈眼袋淚溝，精神百倍的我,https://www.pttweb.cc/bbs/facelift/M.1742978243.A.175,,2025-03-26T16:37:00,", 10 F 請問醫師和費用 謝謝 04/02 07:20 , 10 F 更新資訊給大家 手術醫生是詹東峻，診所尚水美博 我是做眼袋，內開眼袋跟補脂肪淚溝 有做舒眠麻醉 花了六萬多喔","請問,手術",手術醫生是詹東峻，診所,
[討論] 黑眼圈原來其實沒得救,https://www.pttweb.cc/bbs/facelift/M.1745983526.A.150,,2025-04-30T11:25:00,打過熊貓針覺得沒什麼效果 去諮詢下一間醫師直接跟我說「你這種黑眼圈沒辦法根治不用作了」 大家遇到這種狀況會很堅持嗎,去諮詢下一間,,
[分享] 黑眼圈跟眼袋手術的紀錄分享,https://www.pttweb.cc/bbs/facelift/M.1746090401.A.2EA,,2025-05-01T17:06:00,開始接觸化妝後，我越來越在意眼下的黑眼圈。怎麼遮都遮不住，一直都覺得是黑眼圈問題 ，年輕時根本不懂甚麼是眼袋、淚溝、老化、凹陷啊！ 化妝完也覺得妝感不對，不精緻，不服貼，總覺得那裏就是不對，便這樣懵懵懂懂又過了N年 了人生 至於眼袋還是淚溝還是黑眼圈從何時纏身，我還真的不清楚，只知道後來在研究遮瑕技巧時 ，才某天頓悟問題其實不只是黑眼圈吧？還可能是眼袋與淚溝造成的陰影感。我開始上網查 資料，越查水越深，發現凹陷、眼袋、細紋，很多問題 一開始想透過熊貓針或玻尿酸來改善，便開始搜尋玻尿酸黑眼圈、淚溝，也找了很多家診所 ...,,"一開始想透過熊貓針或玻尿酸來改善，便開始搜尋玻尿酸黑眼圈、淚溝，也找了很多家診所,只能說醫美",
[分享] 黑眼圈跟眼袋手術的紀錄分享,https://www.pttweb.cc/bbs/facelift/M.1746090401.A.2EA,,2025-05-01T17:06:00,雖然眼下偶爾還是有點乾燥，但已經比過往好太多了，果然眼袋手術醫美科技不同凡響。,,雖然眼下偶爾還是有點乾燥，但已經比過往好太多了，果然眼袋手術醫美,
[問題] 眼周和淚溝打玻尿酸可以維持多久？,https://www.pttweb.cc/bbs/facelift/M.1755659227.A.04F,,2025-08-20T11:07:00,以前醫美主要都打電波音波那些 第一次想嘗試填充療程 這次主要是想改善淚溝和眼周的問題 讓眼睛看起來沒那麼累 但不確定玻尿酸如果打在眼周 維持度大概可以多久呢？ 有哪一個玻尿酸是打眼周比較適合的嗎？,,以前醫美,
[討論] 眼袋淚溝問題 會跟蘋果肌一起弄嗎?,https://www.pttweb.cc/bbs/facelift/M.1756193002.A.5A2,,2025-08-26T15:23:00,上次回診打雷射的時候 順便跟醫生諮詢了眼袋淚溝問題 醫生看了之後建議要一起做蘋果肌 說不然整個臉會很平面 還是第一次被說我臉蠻平的XD 想問一下通常會一起處理嗎? 還是分開作也沒差?,回診打雷射的時候 順便跟,,
[問題] 保柔緹打淚溝的效果如何？,https://www.pttweb.cc/bbs/facelift/M.1756694086.A.D77,,2025-09-01T10:34:00,一直以為自己眼下那一塊是黑眼圈 花了點時間研究之後才發現那個其實是淚溝... 黑眼圈可能是跟熬夜、遺傳有關 但淚溝是骨架或脂肪流失造成的 最近照鏡子發現自己那塊凹凹的淚溝有夠明顯 想去用玻尿酸填充，但因為是第一次做這個部位 板上也沒有看到太多這個牌子的心得 想說可以先來板上問看看大家的想法？？ 或是有推薦的診所，我可以先去諮詢看看，謝謝,,或是有推薦的診所,
[問題] 保柔緹打淚溝的效果如何？,https://www.pttweb.cc/bbs/facelift/M.1756694086.A.D77,,2025-09-01T10:34:00,", 20 F 打淚溝的話醫生技術滿重要的 而且有時 09/06 21:48 , 20 F → anastasss 09/06 21:48,",打淚溝的話,,
[問題] 黑眼圈淚溝打膠原蛋白增生嗎?,https://www.pttweb.cc/bbs/facelift/M.1758610380.A.74C,,2025-09-23T14:53:00,請問有人用膠原蛋白增生劑治療黑眼圈和淚溝的嗎? 因為想去打蘋果肌 如果可一起治療感覺比較方便 CC數也可買起來共用比較划算 診所說是可以打這兩部分 但想問跟玻尿酸 熊貓針比呢?,,也可買起來共用比較划算 診所說是可以打這兩部,
[問題] 熊貓針對黑眼圈有效嗎？求高雄診所,https://www.pttweb.cc/bbs/facelift/M.1758698943.A.98D,,2025-09-24T15:29:00,[問題] 熊貓針對黑眼圈有效嗎？求高雄診所 - 看板facelift - PTT網頁版,,[問題] 熊貓針對黑眼圈有效嗎？求高雄診所,高雄
[問題] 熊貓針對黑眼圈有效嗎？求高雄診所,https://www.pttweb.cc/bbs/facelift/M.1758698943.A.98D,,2025-09-24T15:29:00,"[問題] 熊貓針對黑眼圈有效嗎？求高雄診所 ＋收藏 分享 看板 facelift 作者 margeryjanua (TIN) 時間 6月前 發表 (2025/09/24 15:29) , 編輯 推噓 16 ( 16 推 0 噓 7 → ) 留言 23則, 16人 參與 , 5月前 最新 討論串 1/1",,[問題] 熊貓針對黑眼圈有效嗎？求高雄診所,高雄
[問題] 熊貓針對黑眼圈有效嗎？求高雄診所,https://www.pttweb.cc/bbs/facelift/M.1758698943.A.98D,,2025-09-24T15:29:00,最近覺得自己黑眼圈越來越重 看起來像沒睡飽一樣 想打熊貓針刺激膠原蛋白再生 希望可以淡化色素跟血管型黑眼圈 不知有沒有高雄地區的板友實際做過，推薦的診所？,,不知有沒有高雄地區的板友實際做過，推薦的診所,高雄
[問題] 打黑眼圈淚溝技術厲害的診所(台中),https://www.pttweb.cc/bbs/facelift/M.1760682338.A.3FA,,2025-10-17T14:25:00,[問題] 打黑眼圈淚溝技術厲害的診所(台中) - 看板facelift - PTT網頁版,,[問題] 打黑眼圈淚溝技術厲害的診所,台中
[問題] 打黑眼圈淚溝技術厲害的診所(台中),https://www.pttweb.cc/bbs/facelift/M.1760682338.A.3FA,,2025-10-17T14:25:00,"[問題] 打黑眼圈淚溝技術厲害的診所(台中) ＋收藏 分享 看板 facelift 作者 brittneyb1 (猩細菌) 時間 5月前 發表 (2025/10/17 14:25) , 編輯 推噓 5 ( 5 推 0 噓 0 → ) 留言 5則, 5人 參與 , 5月前 最新 討論串 1/1",,[問題] 打黑眼圈淚溝技術厲害的診所,台中
[問題] 打黑眼圈淚溝技術厲害的診所(台中),https://www.pttweb.cc/bbs/facelift/M.1760682338.A.3FA,,2025-10-17T14:25:00,想打黑眼圈+淚溝 台中有沒有技術厲害的醫師或診所?? 謝謝大家,台中有沒有技術厲害的,台中有沒有技術厲害的醫師或診所,台中
[問題] 眼袋or黑眼圈or淚溝 高雄診所,https://www.pttweb.cc/bbs/facelift/M.1761033227.A.1F4,,2025-10-21T15:53:00,[問題] 眼袋or黑眼圈or淚溝 高雄診所 - 看板facelift - PTT網頁版,,[問題] 眼袋or黑眼圈or淚溝 高雄診所,高雄
[問題] 眼袋or黑眼圈or淚溝 高雄診所,https://www.pttweb.cc/bbs/facelift/M.1761033227.A.1F4,,2025-10-21T15:53:00,"[問題] 眼袋or黑眼圈or淚溝 高雄診所 ＋收藏 分享 看板 facelift 作者 xinddp77 (落日有很餓) 時間 5月前 發表 (2025/10/21 15:53) , 編輯 推噓 10 ( 10 推 0 噓 1 → ) 留言 11則, 10人 參與 , 5月前 最新 討論串 1/1",,[問題] 眼袋or黑眼圈or淚溝 高雄診所,高雄
[問題] 眼袋or黑眼圈or淚溝 高雄診所,https://www.pttweb.cc/bbs/facelift/M.1761033227.A.1F4,,2025-10-21T15:53:00,", 7 F 頤森美學黃院長 眼袋專業的 10/22 08:45 , 7 F 推 jundiby0 10/22 09:43,",頤森美學黃,,
[分享] 困擾眼袋黑眼圈文長分享(妮芙蕾澎怦針),https://www.pttweb.cc/bbs/facelift/M.1761118788.A.D8E,,2025-10-22T15:39:00,以前都覺得那是化妝能遮的問題，但隨著年紀大、熬夜頻率高，發現就算遮瑕厚到快像水泥 牆，還是看起來沒精神。加上蘋果肌也變得凹凹的，整張臉看起來疲倦又顯老。 後來我就開始瘋狂做功課，看了超多醫美比較文有熊貓針、澎怦針也看了YouTube 影片，才 發現很多人推薦一個叫「妮芙蕾NeoFilera」的新技術。他是台灣研發的新一代膠原蛋白增生 劑，它不是單純的玻尿酸，是結合了即時填充＋長效膠原再生的針劑。主要成分是 PDLLA 聚雙旋乳酸（75%）能刺激膠原蛋白再生、改善鬆弛與細紋 CMC 羧甲基纖維素（25%）提供立即填充...,"我去的是桃園好萊ㄨ診所，,另外","後來我就開始瘋狂做功課，看了超多醫美,我去的是桃園好萊ㄨ診所",桃園
[問題] 黑眼圈與淚溝治療推薦 問台北醫美,https://www.pttweb.cc/bbs/facelift/M.1761892140.A.79B,,2025-10-31T14:29:00,[問題] 黑眼圈與淚溝治療推薦 問台北醫美 - 看板facelift - PTT網頁版,,[問題] 黑眼圈與淚溝治療推薦 問台北醫美,台北
[問題] 黑眼圈與淚溝治療推薦 問台北醫美,https://www.pttweb.cc/bbs/facelift/M.1761892140.A.79B,,2025-10-31T14:29:00,"[問題] 黑眼圈與淚溝治療推薦 問台北醫美 ＋收藏 分享 看板 facelift 作者 qi71nbpcvy (虎虎小姐) 時間 5月前 發表 (2025/10/31 14:29) , 編輯 推噓 13 ( 13 推 0 噓 5 → ) 留言 18則, 13人 參與 , 4月前 最新 討論串 1/1",,[問題] 黑眼圈與淚溝治療推薦 問台北醫美,台北
[問題] 黑眼圈與淚溝治療推薦 問台北醫美,https://www.pttweb.cc/bbs/facelift/M.1761892140.A.79B,,2025-10-31T14:29:00,黑眼圈看起來永遠像沒睡飽 (朋友說也可能是淚溝問題) 總之拍照好醜 想問台北有沒有推薦的診所可以處理黑眼圈或淚溝 (不要狂推銷的) 希望是美感好的醫師 跪求推薦感恩,希望是美感好的,想問台北有沒有推薦的診所,台北
[問題] 關於眼袋手術的醫師,https://www.pttweb.cc/bbs/facelift/M.1762063033.A.B53,,2025-11-02T13:57:00,[問題] 關於眼袋手術的醫師 - 看板facelift - PTT網頁版,[問題] 關於眼袋手術的,,
[問題] 關於眼袋手術的醫師,https://www.pttweb.cc/bbs/facelift/M.1762063033.A.B53,,2025-11-02T13:57:00,"[問題] 關於眼袋手術的醫師 ＋收藏 分享 看板 facelift 作者 isislove (isislove) 時間 4月前 發表 (2025/11/02 13:57) , 編輯 推噓 1 ( 1 推 0 噓 3 → ) 留言 4則, 2人 參與 , 4月前 最新 討論串 1/1",[問題] 關於眼袋手術的,,
[問題] 關於眼袋手術的醫師,https://www.pttweb.cc/bbs/facelift/M.1762063033.A.B53,,2025-11-02T13:57:00,我想請問一下眼袋手術 蠻多人推薦陳建璋醫師 我發現有兩位陳建璋醫師耶… 一位在君綺，一位在萊佳跟群英 請問大家說的是哪一位？,"蠻多人推薦陳建璋,我發現有兩位陳建璋",,
[分享] 內開眼袋+隱形提眉術後一個月分享已刪文,https://www.pttweb.cc/bbs/facelift/M.1762399478.A.473,,2025-11-06T11:24:00,本來的眉毛跟眼睛的距離真的太近，很明顯的眉壓眼 快邁入三字頭，越來越覺得眼皮的狀態每況愈下，感覺是越來越垂 同事都以為我是因為工作問題常皺眉（但其實是眉壓眼的問題） 因為家人在巨X就有找過院長處理眼袋 所以我也鼓起勇氣問院長我眼袋跟眉壓眼的問題可不可以一起解決？ 院長說我原本就有雙眼皮，可以用隱形提眉手術改善眉壓眼，這樣眼型看起來更順 就不會有那種皺眉或是瞪人的感覺（哈）雙眼皮也會更明顯 手術是安排在諮詢後兩個禮拜，這兩個禮拜都蠻期待眼袋跟眉壓眼可以趕快消失 很可惜我沒有記錄到術後當下的樣子，只能用文字跟大家大概說...,"因為家人在巨X就有找過,所以我也鼓起勇氣問",,
[閒聊] 眼袋是不是真的很影響視覺年齡,https://www.pttweb.cc/bbs/facelift/M.1763025409.A.6AD,,2025-11-13T17:16:00,最近照鏡子有發現自己的眼周有越來越老態的趨勢 已經開始有點細紋、眼袋也有一丟丟冒出來的徵兆.... 感覺眼袋出線之後，視覺年齡都被+了好幾歲 是不是該做個醫美改善了qqq,,是不是該做個醫美,
[討論] 眼袋手術真的要順便補脂蘋果肌嗎？,https://www.pttweb.cc/bbs/facelift/M.1763362191.A.1C4,,2025-11-17T14:49:00,發現超多診所都會推「做眼袋順便補脂蘋果肌」的方案 說什麼反正都要麻了 一起做比較划算 但看了一些案例又有人說補脂容易不均、之後還會變形 有點搞不懂這兩個是不是本來就該綁在一起？ 還是其實各做各的比較安全?,,發現超多診所,
[討論] 黑眼圈求助 請推新北優質診所,https://www.pttweb.cc/bbs/facelift/M.1764646570.A.83C,,2025-12-02T11:36:00,[討論] 黑眼圈求助 請推新北優質診所 - 看板facelift - PTT網頁版,,[討論] 黑眼圈求助 請推新北優質診所,新北
[討論] 黑眼圈求助 請推新北優質診所,https://www.pttweb.cc/bbs/facelift/M.1764646570.A.83C,,2025-12-02T11:36:00,"[討論] 黑眼圈求助 請推新北優質診所 ＋收藏 分享 看板 facelift 作者 rosiatfuy9 (蘿思芙) 時間 3月前 發表 (2025/12/02 11:36) , 編輯 推噓 10 ( 10 推 0 噓 1 → ) 留言 11則, 11人 參與 , 3月前 最新 討論串 1/1",,[討論] 黑眼圈求助 請推新北優質診所,新北
[問題] 雙北非手術，眼袋醫美推薦,https://www.pttweb.cc/bbs/facelift/M.1764917191.A.65B,,2025-12-05T14:46:00,[問題] 雙北非手術，眼袋醫美推薦 - 看板facelift - PTT網頁版,,[問題] 雙北非手術，眼袋醫美,
[問題] 雙北非手術，眼袋醫美推薦,https://www.pttweb.cc/bbs/facelift/M.1764917191.A.65B,,2025-12-05T14:46:00,"[問題] 雙北非手術，眼袋醫美推薦 ＋收藏 分享 看板 facelift 作者 yakabx7482 (殘天地) 時間 3月前 發表 (2025/12/05 14:46) , 編輯 推噓 13 ( 13 推 0 噓 6 → ) 留言 19則, 13人 參與 , 3月前 最新 討論串 1/1",,[問題] 雙北非手術，眼袋醫美,
[問題] 雙北非手術，眼袋醫美推薦,https://www.pttweb.cc/bbs/facelift/M.1764917191.A.65B,,2025-12-05T14:46:00,想問各位有沒有推薦雙北地區非手術處理眼袋跟淚溝厲害的診所 雖然眼袋不深但淚溝凹陷蠻嚴重的 看起來好老(;′Д`),,想問各位有沒有推薦雙北地區非手術處理眼袋跟淚溝厲害的診所,
[問題] 眼袋手術醫師請益(高雄),https://www.pttweb.cc/bbs/facelift/M.1765351155.A.C53,,2025-12-10T15:19:00,[問題] 眼袋手術醫師請益(高雄) - 看板facelift - PTT網頁版,[問題] 眼袋手術,,高雄
[問題] 眼袋手術醫師請益(高雄),https://www.pttweb.cc/bbs/facelift/M.1765351155.A.C53,,2025-12-10T15:19:00,"[問題] 眼袋手術醫師請益(高雄) ＋收藏 分享 看板 facelift 作者 lunpoflm87 (獨行狼) 時間 3月前 發表 (2025/12/10 15:19) , 編輯 推噓 15 ( 15 推 0 噓 8 → ) 留言 23則, 15人 參與 , 1年前 最新 討論串 1/1",[問題] 眼袋手術,,高雄
[問題] 眼袋手術醫師請益(高雄),https://www.pttweb.cc/bbs/facelift/M.1765351155.A.C53,,2025-12-10T15:19:00,想請大家推薦高雄眼袋手術醫師 (內開),想請大家推薦高雄眼袋手術,,高雄
[問題] 眼袋手術醫師請益(高雄),https://www.pttweb.cc/bbs/facelift/M.1765351155.A.C53,,2025-12-10T15:19:00,", 11 F 巧天工孫醫師，給他處理眼袋術後 12/11 12:15 , 11 F → margeryjanua 12/11 12:15,",巧天工孫,,
[問題] 眼袋手術醫師請益(高雄),https://www.pttweb.cc/bbs/facelift/M.1765351155.A.C53,,2025-12-10T15:19:00,", 16 F 麗式診所王醫師很專業，我是內開轉位 12/15 15:44 , 16 F → Goerdroger 12/15 15:44,",麗式診所王,麗式診所,
[討論] 眼袋掉下去是幾歲會發生的事情？,https://www.pttweb.cc/bbs/facelift/M.1765435293.A.0F7,,2025-12-11T14:41:00,", 13 F 掉 錢逸群醫師內開做得很好 外側也有 12/15 13:45 , 13 F → eettinget 12/15 13:45,",掉 錢逸群,,
[討論] 眼袋掉下去是幾歲會發生的事情？,https://www.pttweb.cc/bbs/facelift/M.1765435293.A.0F7,,2025-12-11T14:41:00,", 18 F 來是去找阮智楷醫師做內開再搭配一 12/16 16:50 , 18 F → adalinelin 12/16 16:50,",來是去找阮智楷,,
[閒聊] 陪朋友諮詢才知...原來淚溝是骨頭縮進去,https://www.pttweb.cc/bbs/facelift/M.1765441304.A.101,,2025-12-11T16:21:00,最近陪朋友去諮詢淚溝 她一直以為自己是因為愛熬夜 膠原蛋白流失才會有那兩條 原本還興致勃勃跟醫生說想打精靈針或是洢蓮絲 順便刺激膠原蛋白長回來,原本還興致勃勃跟,,
[閒聊] 陪朋友諮詢才知...原來淚溝是骨頭縮進去,https://www.pttweb.cc/bbs/facelift/M.1765441304.A.101,,2025-12-11T16:21:00,結果醫生語重心長地跟她說 她的淚溝不是單純的皮下凹陷 而是「眼眶骨流失」縮進去 了... 增生劑一旦打不好 凸一塊在那邊超明顯 如果要打一定要打在很深層的骨膜上做支撐 想問這個會容易失敗嗎?還是建議其他療程,結果,,
[討論] 有關眼袋手術,https://www.pttweb.cc/bbs/facelift/M.1766110932.A.E57,,2025-12-19T10:22:00,", 13 F 那為什麼台灣醫美的眼袋手術還是一堆內開 12/22 20:13 , 13 F → poswem 12/22 20:14,",,那為什麼台灣醫美,
[討論] 有關眼袋手術,https://www.pttweb.cc/bbs/facelift/M.1766110932.A.E57,,2025-12-19T10:22:00,", 15 F 我諮詢過很多家診所都是內開加補脂一起 12/23 23:34 , 15 F → mantistv 12/23 23:35,",,我諮詢過很多家診所,
[問題] 台中割眼袋診所推薦,https://www.pttweb.cc/bbs/facelift/M.1767012050.A.94C,,2025-12-29T20:40:00,[問題] 台中割眼袋診所推薦 - 看板facelift - PTT網頁版,,[問題] 台中割眼袋診所,台中
[問題] 台中割眼袋診所推薦,https://www.pttweb.cc/bbs/facelift/M.1767012050.A.94C,,2025-12-29T20:40:00,"[問題] 台中割眼袋診所推薦 ＋收藏 分享 看板 facelift 作者 joanna82321 (晞晞CC) 時間 3月前 發表 (2025/12/29 20:40) , 編輯 推噓 0 ( 0 推 0 噓 0 → ) 留言 0則, 0人 參與 , 最新 討論串 1/1",,[問題] 台中割眼袋診所,台中
[問題] 台中割眼袋診所推薦,https://www.pttweb.cc/bbs/facelift/M.1767012050.A.94C,,2025-12-29T20:40:00,最近想要去割眼袋 不知道各位大大有推薦的診所嗎? 謝謝大家,,不知道各位大大有推薦的診所,
[問題] 眼袋手術 求內開外開心得與診所推薦,https://www.pttweb.cc/bbs/facelift/M.1767066666.A.B14,,2025-12-30T11:51:00,[問題] 眼袋手術 求內開外開心得與診所推薦 - 看板facelift - PTT網頁版,,[問題] 眼袋手術 求內開外開心得與診所,
[問題] 眼袋手術 求內開外開心得與診所推薦,https://www.pttweb.cc/bbs/facelift/M.1767066666.A.B14,,2025-12-30T11:51:00,"[問題] 眼袋手術 求內開外開心得與診所推薦 ＋收藏 分享 看板 facelift 作者 A11on524 (伊伊) 時間 3月前 發表 (2025/12/30 11:51) , 編輯 推噓 17 ( 17 推 0 噓 33 → ) 留言 50則, 16人 參與 , 1年前 最新 討論串 1/1",,[問題] 眼袋手術 求內開外開心得與診所,
[問題] 眼袋手術 求內開外開心得與診所推薦,https://www.pttweb.cc/bbs/facelift/M.1767066666.A.B14,,2025-12-30T11:51:00,爬文後有幾個問題想請教： 內開 vs 外開 若皮膚不鬆 是否內開就夠？ 內開真的比較容易復發嗎 拿眼袋一定要補脂嗎？有看到只拿不補 也有建議補脂或玻尿酸 是否有人遇過凹陷、不對稱等問題 求醫師/診所推薦 希望是審美自然、不亂推項目的醫師,是審美自然、不亂推項目的,求醫師/診所,
[問題] 眼袋手術 求內開外開心得與診所推薦,https://www.pttweb.cc/bbs/facelift/M.1767066666.A.B14,,2025-12-30T11:51:00,", 19 F 臉型銜接比單純填淚溝自然很多，推葉醫師 01/01 00:01 , 19 F → qqMina 01/01 00:01,",單純填淚溝自然很多，推葉,,
[問題] 眼袋手術 求內開外開心得與診所推薦,https://www.pttweb.cc/bbs/facelift/M.1767066666.A.B14,,2025-12-30T11:51:00,", 29 F 我當初在名悅給邱大睿醫師處理眼袋的時候 01/07 12:03 , 29 F → yu5168 01/07 12:03,",我當初在名悅給邱大睿,,
[問題] 眼袋手術 求內開外開心得與診所推薦,https://www.pttweb.cc/bbs/facelift/M.1767066666.A.B14,,2025-12-30T11:51:00,", 31 F 邱醫師是用脂肪轉位把脂肪轉移到淚溝的位 01/07 12:03 , 31 F → yu5168 01/07 12:03,",,,
[問題] 眼袋手術 求內開外開心得與診所推薦,https://www.pttweb.cc/bbs/facelift/M.1767066666.A.B14,,2025-12-30T11:51:00,", 46 F 分都是長輩才會外開。我的醫生是拿眼袋/ 01/16 16:25 , 46 F → tsgaiko 01/16 16:25,",分都是長輩才會外開。我的,,
[問題] 黑眼圈真的無法根治？,https://www.pttweb.cc/bbs/facelift/M.1767940072.A.330,,2026-01-09T14:27:00,前陣子去諮詢，問醫生黑眼圈能做什麼醫美改善 醫生沈默了幾秒表示「黑眼圈目前無法根治」 真的是這樣嗎... 難道我的黑眼圈真的沒救了嗎...QQ,前陣子去諮詢，問,前陣子去諮詢，問醫生黑眼圈能做什麼醫美,
[討論] 叫人在淚溝補洢蓮絲的診所都好過分,https://www.pttweb.cc/bbs/facelift/M.1768533163.A.7A6,,2026-01-16T11:12:00,[討論] 叫人在淚溝補洢蓮絲的診所都好過分 - 看板facelift - PTT網頁版,,[討論] 叫人在淚溝補洢蓮絲的診所,
[討論] 叫人在淚溝補洢蓮絲的診所都好過分,https://www.pttweb.cc/bbs/facelift/M.1768533163.A.7A6,,2026-01-16T11:12:00,"[討論] 叫人在淚溝補洢蓮絲的診所都好過分 ＋收藏 分享 看板 facelift 作者 leemin1578 (胖虎沒人愛) 時間 2月前 發表 (2026/01/16 11:12) , 2月前 編輯 推噓 5 ( 5 推 0 噓 9 → ) 留言 14則, 6人 參與 , 1月前 最新 討論串 1/1",,[討論] 叫人在淚溝補洢蓮絲的診所,
[討論] 叫人在淚溝補洢蓮絲的診所都好過分,https://www.pttweb.cc/bbs/facelift/M.1768533163.A.7A6,,2026-01-16T11:12:00,前幾天跟朋友約吃飯 聊到她去諮詢淚溝 醫生居然建議她打洢蓮絲 但因為她原本只是想補玻尿酸 預算只有1萬多而已 所以當下沒有馬上決定打洢蓮絲 啊不就好險朋友沒打 我真的不懂欸 眼下皮膚那麼薄 本來就不適合打任何膠原蛋白增生劑 但怎麼還會有一堆醫生在推啊？ 我已經在版上看到很多人都是因為這樣打失敗了 難道那些醫師都忘了自己讀過的醫師宣言了嗎 他們良心都不會痛喔？,"但怎麼還會有一堆,難道那些,都忘了自己讀過的",,
[討論] 叫人在淚溝補洢蓮絲的診所都好過分,https://www.pttweb.cc/bbs/facelift/M.1768533163.A.7A6,,2026-01-16T11:12:00,", 12 F 我醫生也是說洢不能填淚溝，現在網路資訊 02/25 16:26 , 12 F → paching 02/25 16:26,",,,
[心得] 台中眼袋內開補脂/移位 諮詢,https://www.pttweb.cc/bbs/facelift/M.1768812083.A.6A7,,2026-01-19T16:41:00,1. 佳x優-李醫師 我對於這間的網路約的態度給予好感，回覆的速度很快，而且也很有耐心。 診所也有附設停車場，走路過去只要5分鐘。 而且醫師和咨詢師都非常準時，時間到馬上就可以進入診間看見醫師。 進入診間後醫師請我拿著鏡子，他拆了一根新的棉花棒，比著我的眼袋說明眼袋內開會怎 麼做，然後跟我說我有需要做蘋果肌的必要，也推薦我半年後回來做黑眼圈，因為我黑眼 圈比較重，說完他就先行離開，換咨詢師給我看範例照，給我的感覺是每個人都一樣做好 做滿。 他的收費方式是 內開補淚溝含全麻一個價位+補蘋果肌再一個價位，費用是全部裡面...,"1. 佳x優-李,而且,到馬上就可以進入診間看見,進入診間後",很快，而且也很有耐心。 診所也有附設停車場，,
[心得] 台中眼袋內開補脂/移位 諮詢,https://www.pttweb.cc/bbs/facelift/M.1768812083.A.6A7,,2026-01-19T16:41:00,這位醫師在各大平台都很紅，見到本人後完全可以理解為什麼大家喜歡給他做，醫師講話 非常溫柔，而且諮詢過程有帶手術手套摸一下我的眼袋，並告知我手術大概會如何進行， 這位醫師也說我有填補蘋果肌的必要，然後跟我說會從大腿內側抽脂肪。 他的收費方式是 內開含全麻一個價位+補淚溝一個價位+補蘋果肌一個價位，但是淚溝跟 蘋果肌一起做會有方案價，所有費用和第一間大同小異。,"這位,解為什麼大家喜歡給他做，",,
[心得] 台中眼袋內開補脂/移位 諮詢,https://www.pttweb.cc/bbs/facelift/M.1768812083.A.6A7,,2026-01-19T16:41:00,3. 美x線 - 馮醫師 診所非常漂亮，高級到不行，進去覺得有至高的待遇， 也有自己的停車場。 進去後稍微等了一下，咨詢師即帶我進去診間， 她先說明我有眼袋手術的必要後，還有說因為我有矯正牙齒，上排較凸，所以蘋果肌要打 豐潤一點才會比例更好看，然後還有說我的下巴忘記怎麼樣，他覺得我需要打肉毒，但因 為我其實只是求自然，沒有對這些特別有興趣。 沒多久醫生進來診間，是所有醫生裡面最最最溫柔，他摸著我的眼袋說矮呀這小眼袋沒什 麼，然後說不過我們要來測測你有沒有脂肪可以補，於是就帶我到另一個診間照超音波。 因為我有在運動的...,"3. 美x線 - 馮,沒多久,進來診間，是所有,在運動的關係脂肪比較少，,我也有看到",. 美x線 - 馮醫師 診所非常漂亮，高級到,
[心得] 台中眼袋內開補脂/移位 諮詢,https://www.pttweb.cc/bbs/facelift/M.1768812083.A.6A7,,2026-01-19T16:41:00,諮詢過程很和善，也非常詳細回答我所有的問題，還給我看各種不同方案下的成品大致上 會是怎麼樣。 我跟她說其他間都有說我需要補蘋果肌，她說如果補蘋果肌就得參考他們別的醫師，因為 我預約這位醫師他習慣是做脂肪移位，所以他不太做蘋果肌。 我說好，我先跟這位醫師談看看再來決定要不要和另一位醫師諮詢。 諮詢師也給我了他們的各種不同做法的價位。 收費方式為 眼袋內開和脂肪移位一個價位+全麻另一個價位，或者是 眼袋內開和淚溝一 個價位+蘋果肌補一個位置就要一個價位+全麻一個價位。 整理算來不輸上一間。,"補蘋果肌就得參考他們別的,我預約這位,我說好，我先跟這位,看再來決定要不要和另一位",,
[心得] 台中眼袋內開補脂/移位 諮詢,https://www.pttweb.cc/bbs/facelift/M.1768812083.A.6A7,,2026-01-19T16:41:00,直到遇到醫師後，他很有自信的和我說我不需要蘋果肌，他說那個很厚也不好看，他覺得 我只要移位就好，並告知我移位的手術方式，之後還有聊東聊西非常愉快，所以最後我就 當下預約了手術時間。,直到遇到,,
[問題] 拜託救救我的淚溝,https://www.pttweb.cc/bbs/facelift/M.1770624717.A.BE9,,2026-02-09T16:11:00,", 14 F 推薦台北韓娜斯週二的韓院長淚溝打 02/11 15:24 , 14 F → wendy0602129 02/11 15:24,",推薦台北韓娜斯週二的韓,,台北
[問題] 眼袋手術適合老人做嗎？？？？,https://www.pttweb.cc/bbs/facelift/M.1770886834.A.F91,,2026-02-12T17:00:00,我家人快60，身體算健朗，有高血糖 最近一直盧說覺得眼袋不好看，想要做醫美手術去掉== 想問一下，有沒有家裡老人或長輩做過眼袋的？ （其實私心來說，不太希望她去做，我怕手術對老人家身體不好或是踩雷很難救）,,最近一直盧說覺得眼袋不好看，想要做醫美,
[問題] 關於眼袋內開淚溝補脂,https://www.pttweb.cc/bbs/facelift/M.1771409014.A.88E,,2026-02-18T18:03:00,", 7 F 我看了兩家醫生都說補脂其實都是在蘋果肌 02/19 15:19 , 7 F → ajinou 02/19 15:19,",我看了兩家,,
[閒聊] 朋友去諮詢淚溝醫生叫他打精靈針？,https://www.pttweb.cc/bbs/facelift/M.1771912544.A.C1B,,2026-02-24T13:55:00,[閒聊] 朋友去諮詢淚溝醫生叫他打精靈針？ - 看板facelift - PTT網頁版,[閒聊] 朋友去諮詢淚溝,,
[閒聊] 朋友去諮詢淚溝醫生叫他打精靈針？,https://www.pttweb.cc/bbs/facelift/M.1771912544.A.C1B,,2026-02-24T13:55:00,"[閒聊] 朋友去諮詢淚溝醫生叫他打精靈針？ ＋收藏 分享 看板 facelift 作者 yuwi9206 (yoyo抱輕輕) 時間 1月前 發表 (2026/02/24 13:55) , 編輯 推噓 1 ( 1 推 0 噓 2 → ) 留言 3則, 1人 參與 , 1月前 最新 討論串 1/1",[閒聊] 朋友去諮詢淚溝,,
[閒聊] 朋友去諮詢淚溝醫生叫他打精靈針？,https://www.pttweb.cc/bbs/facelift/M.1771912544.A.C1B,,2026-02-24T13:55:00,先說 是在韓國 語言不通又不懂醫美真的先為他哭一場 他事先也沒有做太多功課想說相信專業 結果醫生推他什麼他就打什麼 回來後我問他才知道他淚溝居然打了精靈針 現在看是沒事 只能祈禱他膠原蛋白不要增生太多...,結果,先說 是在韓國 語言不通又不懂醫美,
小分子薇貝拉/精靈針打淚溝疑問,https://www.pttweb.cc/bbs/facelift/M.1772191421.A.340,,2026-02-27T19:23:00,最近因為淚溝跟眼下細紋越來越明顯，去醫美診所諮詢,,最近因為淚溝跟眼下細紋越來越明顯，去醫美,
小分子薇貝拉/精靈針打淚溝疑問,https://www.pttweb.cc/bbs/facelift/M.1772191421.A.340,,2026-02-27T19:23:00,第三間 建議細紋可以打眼周電波 淚溝部分建議打小分子薇貝拉或精靈針 診所說他們蠻多客人都是這樣打的,,打小分子薇貝拉或精靈針 診所說他們蠻多客人都,
[問題] 台中淚溝醫生診所,https://www.pttweb.cc/bbs/facelift/M.1772430145.A.B07,,2026-03-02T13:42:00,[問題] 台中淚溝醫生診所 - 看板facelift - PTT網頁版,[問題] 台中淚溝,[問題] 台中淚溝醫生診所,台中
[問題] 台中淚溝醫生診所,https://www.pttweb.cc/bbs/facelift/M.1772430145.A.B07,,2026-03-02T13:42:00,"[問題] 台中淚溝醫生診所 ＋收藏 分享 看板 facelift 作者 flowerhigh (崩解了再復原女) 時間 4周前 發表 (2026/03/02 13:42) , 編輯 推噓 11 ( 11 推 0 噓 5 → ) 留言 16則, 11人 參與 , 3周前 最新 討論串 1/1",[問題] 台中淚溝,[問題] 台中淚溝醫生診所,台中
[問題] 台中淚溝醫生診所,https://www.pttweb.cc/bbs/facelift/M.1772430145.A.B07,,2026-03-02T13:42:00,想問住台中的板友有推薦很會處理淚溝的醫生嗎 淚溝問題已經困擾我很久 黑眼圈深到每天都像沒睡飽 想去處理一下 目前好像是看到有幾位醫師比較有名 1.教主 楊醫師 2.耀媄 蔡醫師 3.韓娜斯 韓院長,"板友有推薦很會處理淚溝的,下 目前好像是看到有幾位,1.教主 楊,2.耀媄 蔡,3.韓娜斯 韓",,台中
[問題] 台中淚溝醫生診所,https://www.pttweb.cc/bbs/facelift/M.1772430145.A.B07,,2026-03-02T13:42:00,", 2 F 淚溝真的要好好挑醫師，打壞難處理 03/02 15:22 , 2 F 推 xuanhjnh58 03/02 16:13,",淚溝真的要好好挑,,
[問題] 黑眼圈打熊貓針好嗎,https://www.pttweb.cc/bbs/facelift/M.1773629543.A.45D,,2026-03-16T10:52:00,我黑眼圈超深的 從小就是 小時候被笑習慣了都懶得回嘴，越長大反而越在意 朋友說可以去打熊貓針 我看他打完黑眼圈是真的不見了沒錯 但網路上看很多資料又說黑眼圈也有分類型 每個類型適合的又不一樣 搞得霧煞煞 我自己看我應該算色素跟有一點結構嗎？ 淡淡淚溝不過不嚴重 想來徵求更多人的建議 如果有台中不錯的醫師也再請各位多多推薦 任何問題也不吝指教 謝謝,如果有台中不錯的,,台中
